id,imageId,itemType,rank,itemName,defaultDamage,maxDamage,minDamage,attackSpeed,damageReduction,evasionPercent,maxHp,hpRecovery,moveSpeed,criticalPercent,des
0,0,0,10,녹슨 단검,0,2,1,20,0,0,0,0,0,0,
1,0,0,11,+1 녹슨 단검,1,2,1,20,0,0,0,0,0,0,
2,0,0,12,+2 녹슨 단검,2,2,1,20,0,0,0,0,0,0,
3,0,0,13,+3 녹슨 단검,3,2,1,20,0,0,0,0,0,0,
4,0,0,14,+4 녹슨 단검,4,2,1,20,0,0,0,0,0,0,
5,0,0,15,+5 녹슨 단검,5,2,1,20,0,0,0,0,0,0,
6,0,0,16,+6 녹슨 단검,6,2,1,20,0,0,0,0,0,0,
7,0,0,17,+7 녹슨 단검,7,2,1,20,0,0,0,0,0,0,
8,0,0,18,+8 녹슨 단검,8,2,1,20,0,0,0,0,0,0,
9,0,0,19,+9 녹슨 단검,9,2,1,20,0,0,0,0,0,0,
10,10,0,20,대거,0,3,2,20,0,0,0,0,0,0,
11,10,0,21,+1 대거,1,3,2,20,0,0,0,0,0,0,
12,10,0,22,+2 대거,2,3,2,20,0,0,0,0,0,0,
13,10,0,23,+3 대거,3,3,2,20,0,0,0,0,0,0,
14,10,0,24,+4 대거,4,3,2,20,0,0,0,0,0,0,
15,10,0,25,+5 대거,5,3,2,20,0,0,0,0,0,0,
16,10,0,26,+6 대거,6,3,2,20,0,0,0,0,0,0,
17,10,0,27,+7 대거,7,3,2,20,0,0,0,0,0,0,
18,10,0,28,+8 대거,8,3,2,20,0,0,0,0,0,0,
19,10,0,29,+9 대거,9,3,2,20,0,0,0,0,0,0,
20,20,0,20,오크족 단검,1,3,2,20,0,0,0,0,0,0,
21,20,0,21,+1 오크족 단검,2,3,2,20,0,0,0,0,0,0,
22,20,0,22,+2 오크족 단검,3,3,2,20,0,0,0,0,0,0,
23,20,0,23,+3 오크족 단검,4,3,2,20,0,0,0,0,0,0,
24,20,0,24,+4 오크족 단검,5,3,2,20,0,0,0,0,0,0,
25,20,0,25,+5 오크족 단검,6,3,2,20,0,0,0,0,0,0,
26,20,0,26,+6 오크족 단검,7,3,2,20,0,0,0,0,0,0,
27,20,0,27,+7 오크족 단검,8,3,2,20,0,0,0,0,0,0,
28,20,0,28,+8 오크족 단검,9,3,2,20,0,0,0,0,0,0,
29,20,0,29,+9 오크족 단검,10,3,2,20,0,0,0,0,0,0,
30,30,0,30,그림자 단검,3,3,2,30,0,0,0,0,0,0,
31,30,0,31,+1 그림자 단검,5,3,2,30,0,0,0,0,0,0,
32,30,0,32,+2 그림자 단검,7,3,2,30,0,0,0,0,0,0,
33,30,0,33,+3 그림자 단검,9,3,2,30,0,0,0,0,0,0,
34,30,0,34,+4 그림자 단검,11,3,2,30,0,0,0,0,0,0,
35,30,0,35,+5 그림자 단검,14,3,2,32,0,0,0,0,0,0,
36,30,0,36,+6 그림자 단검,16,3,2,32,0,0,0,0,0,0,
37,30,0,37,+7 그림자 단검,21,3,2,35,0,0,0,0,0,0,
38,30,0,38,+8 그림자 단검,23,3,2,35,0,0,0,0,0,0,
39,30,0,39,+9 그림자 단검,28,3,2,40,0,0,0,0,0,0,
40,40,0,30,송곳,0,10,1,20,0,0,0,0,0,20,
41,40,0,31,+1 송곳,2,10,1,20,0,0,0,0,0,20,
42,40,0,32,+2 송곳,4,10,1,20,0,0,0,0,0,20,
43,40,0,33,+3 송곳,6,10,1,20,0,0,0,0,0,20,
44,40,0,34,+4 송곳,8,10,1,20,0,0,0,0,0,20,
45,40,0,35,+5 송곳,11,10,1,20,0,0,0,0,0,22,
46,40,0,36,+6 송곳,13,10,1,20,0,0,0,0,0,22,
47,40,0,37,+7 송곳,18,10,1,20,0,0,0,0,0,25,
48,40,0,38,+8 송곳,20,10,1,20,0,0,0,0,0,25,
49,40,0,39,+9 송곳,25,10,1,20,0,0,0,0,0,30,
-1,,,,,,,,,,,,,,,
-1,,,,,,,,,,,,,,,
-1,,,,,,,,,,,,,,,
-1,,,,,,,,,,,,,,,
-1,,,,,,,,,,,,,,,
-1,,,,,,,,,,,,,,,
-1,,,,,,,,,,,,,,,
-1,,,,,,,,,,,,,,,
-1,,,,,,,,,,,,,,,
-1,,,,,,,,,,,,,,,
-1,,,,,,,,,,,,,,,
-1,,,,,,,,,,,,,,,
-1,,,,,,,,,,,,,,,
-1,,,,,,,,,,,,,,,
-1,,,,,,,,,,,,,,,
-1,,,,,,,,,,,,,,,
-1,,,,,,,,,,,,,,,
-1,,,,,,,,,,,,,,,
-1,,,,,,,,,,,,,,,
-1,,,,,,,,,,,,,,,
-1,,,,,,,,,,,,,,,
-1,,,,,,,,,,,,,,,
-1,,,,,,,,,,,,,,,
-1,,,,,,,,,,,,,,,
-1,,,,,,,,,,,,,,,
-1,,,,,,,,,,,,,,,
-1,,,,,,,,,,,,,,,
-1,,,,,,,,,,,,,,,
-1,,,,,,,,,,,,,,,
-1,,,,,,,,,,,,,,,
-1,,,,,,,,,,,,,,,
-1,,,,,,,,,,,,,,,
-1,,,,,,,,,,,,,,,
-1,,,,,,,,,,,,,,,
-1,,,,,,,,,,,,,,,
-1,,,,,,,,,,,,,,,
-1,,,,,,,,,,,,,,,
-1,,,,,,,,,,,,,,,
-1,,,,,,,,,,,,,,,
-1,,,,,,,,,,,,,,,
-1,,,,,,,,,,,,,,,
-1,,,,,,,,,,,,,,,
-1,,,,,,,,,,,,,,,
-1,,,,,,,,,,,,,,,
-1,,,,,,,,,,,,,,,
-1,,,,,,,,,,,,,,,
-1,,,,,,,,,,,,,,,
-1,,,,,,,,,,,,,,,
-1,,,,,,,,,,,,,,,
-1,,,,,,,,,,,,,,,
100,100,0,10,철 한손검,2,0,0,0,0,0,0,0,0,0,
101,100,0,11,+1 철 한손검,3,0,0,0,0,0,0,0,0,0,
102,100,0,12,+2 철 한손검,4,0,0,0,0,0,0,0,0,0,
103,100,0,13,+3 철 한손검,5,0,0,0,0,0,0,0,0,0,
104,100,0,14,+4 철 한손검,6,0,0,0,0,0,0,0,0,0,
105,100,0,15,+5 철 한손검,7,0,0,0,0,0,0,0,0,0,
106,100,0,16,+6 철 한손검,8,0,0,0,0,0,0,0,0,0,
107,100,0,17,+7 철 한손검,9,0,0,0,0,0,0,0,0,0,
108,100,0,18,+8 철 한손검,10,0,0,0,0,0,0,0,0,0,
109,100,0,19,+9 철 한손검,11,0,0,0,0,0,0,0,0,0,
110,110,0,20,세이버,2,2,1,10,0,0,0,0,0,0,
111,110,0,21,+1 세이버,3,2,1,10,0,0,0,0,0,0,
112,110,0,22,+2 세이버,4,2,1,10,0,0,0,0,0,0,
113,110,0,23,+3 세이버,5,2,1,10,0,0,0,0,0,0,
114,110,0,24,+4 세이버,6,2,1,10,0,0,0,0,0,0,
115,110,0,25,+5 세이버,7,2,1,10,0,0,0,0,0,0,
116,110,0,26,+6 세이버,8,2,1,10,0,0,0,0,0,0,
117,110,0,27,+7 세이버,9,2,1,10,0,0,0,0,0,0,
118,110,0,28,+8 세이버,10,2,1,10,0,0,0,0,0,0,
119,110,0,29,+9 세이버,11,2,1,10,0,0,0,0,0,0,
120,120,0,20,장검,2,3,2,10,0,0,0,0,0,0,
121,120,0,21,+1 장검,3,3,2,10,0,0,0,0,0,0,
122,120,0,22,+2 장검,4,3,2,10,0,0,0,0,0,0,
123,120,0,23,+3 장검,5,3,2,10,0,0,0,0,0,0,
124,120,0,24,+4 장검,6,3,2,10,0,0,0,0,0,0,
125,120,0,25,+5 장검,7,3,2,10,0,0,0,0,0,0,
126,120,0,26,+6 장검,8,3,2,10,0,0,0,0,0,0,
127,120,0,27,+7 장검,9,3,2,10,0,0,0,0,0,0,
128,120,0,28,+8 장검,10,3,2,10,0,0,0,0,0,0,
129,120,0,29,+9 장검,11,3,2,10,0,0,0,0,0,0,
130,130,0,30,은날검,5,3,2,15,0,0,0,0,0,0,
131,130,0,31,+1 은날검,7,3,2,15,0,0,0,0,0,0,
132,130,0,32,+2 은날검,9,3,2,15,0,0,0,0,0,0,
133,130,0,33,+3 은날검,11,3,2,15,0,0,0,0,0,0,
134,130,0,34,+4 은날검,13,3,2,15,0,0,0,0,0,0,
135,130,0,35,+5 은날검,16,3,2,16,0,0,0,0,0,0,
136,130,0,36,+6 은날검,18,3,2,16,0,0,0,0,0,0,
137,130,0,37,+7 은날검,23,3,2,18,0,0,0,0,0,0,
138,130,0,38,+8 은날검,25,3,2,18,0,0,0,0,0,0,
139,130,0,39,+9 은날검,30,3,2,21,0,0,0,0,0,0,
140,140,0,30,플랑베르주,3,10,3,10,0,0,0,0,0,0,
141,140,0,31,+1 플랑베르주,5,10,3,10,0,0,0,0,0,0,
142,140,0,32,+2 플랑베르주,7,10,3,10,0,0,0,0,0,0,
143,140,0,33,+3 플랑베르주,9,10,3,10,0,0,0,0,0,0,
144,140,0,34,+4 플랑베르주,11,10,3,10,0,0,0,0,0,0,
145,140,0,35,+5 플랑베르주,15,10,3,10,0,0,0,0,0,0,
146,140,0,36,+6 플랑베르주,17,10,3,10,0,0,0,0,0,0,
147,140,0,37,+7 플랑베르주,23,10,3,10,0,0,0,0,0,0,
148,140,0,38,+8 플랑베르주,25,10,3,10,0,0,0,0,0,0,
149,140,0,39,+9 플랑베르주,31,10,3,10,0,0,0,0,0,0,
-1,,,,,,,,,,,,,,,
-1,,,,,,,,,,,,,,,
-1,,,,,,,,,,,,,,,
-1,,,,,,,,,,,,,,,
-1,,,,,,,,,,,,,,,
-1,,,,,,,,,,,,,,,
-1,,,,,,,,,,,,,,,
-1,,,,,,,,,,,,,,,
-1,,,,,,,,,,,,,,,
-1,,,,,,,,,,,,,,,
-1,,,,,,,,,,,,,,,
-1,,,,,,,,,,,,,,,
-1,,,,,,,,,,,,,,,
-1,,,,,,,,,,,,,,,
-1,,,,,,,,,,,,,,,
-1,,,,,,,,,,,,,,,
-1,,,,,,,,,,,,,,,
-1,,,,,,,,,,,,,,,
-1,,,,,,,,,,,,,,,
-1,,,,,,,,,,,,,,,
-1,,,,,,,,,,,,,,,
-1,,,,,,,,,,,,,,,
-1,,,,,,,,,,,,,,,
-1,,,,,,,,,,,,,,,
-1,,,,,,,,,,,,,,,
-1,,,,,,,,,,,,,,,
-1,,,,,,,,,,,,,,,
-1,,,,,,,,,,,,,,,
-1,,,,,,,,,,,,,,,
-1,,,,,,,,,,,,,,,
-1,,,,,,,,,,,,,,,
-1,,,,,,,,,,,,,,,
-1,,,,,,,,,,,,,,,
-1,,,,,,,,,,,,,,,
-1,,,,,,,,,,,,,,,
-1,,,,,,,,,,,,,,,
-1,,,,,,,,,,,,,,,
-1,,,,,,,,,,,,,,,
-1,,,,,,,,,,,,,,,
-1,,,,,,,,,,,,,,,
-1,,,,,,,,,,,,,,,
-1,,,,,,,,,,,,,,,
-1,,,,,,,,,,,,,,,
-1,,,,,,,,,,,,,,,
-1,,,,,,,,,,,,,,,
-1,,,,,,,,,,,,,,,
-1,,,,,,,,,,,,,,,
-1,,,,,,,,,,,,,,,
-1,,,,,,,,,,,,,,,
-1,,,,,,,,,,,,,,,
200,200,0,10,철 양손검,2,2,1,0,0,0,0,0,0,0,
201,200,0,11,+1 철 양손검,3,2,1,0,0,0,0,0,0,0,
202,200,0,12,+2 철 양손검,4,2,1,0,0,0,0,0,0,0,
203,200,0,13,+3 철 양손검,5,2,1,0,0,0,0,0,0,0,
204,200,0,14,+4 철 양손검,6,2,1,0,0,0,0,0,0,0,
205,200,0,15,+5 철 양손검,7,2,1,0,0,0,0,0,0,0,
206,200,0,16,+6 철 양손검,8,2,1,0,0,0,0,0,0,0,
207,200,0,17,+7 철 양손검,9,2,1,0,0,0,0,0,0,0,
208,200,0,18,+8 철 양손검,10,2,1,0,0,0,0,0,0,0,
209,200,0,19,+9 철 양손검,11,2,1,0,0,0,0,0,0,0,
210,210,0,20,브로드소드,3,5,1,0,0,0,0,0,0,0,
211,210,0,21,+1 브로드소드,4,5,1,0,0,0,0,0,0,0,
212,210,0,22,+2 브로드소드,5,5,1,0,0,0,0,0,0,0,
213,210,0,23,+3 브로드소드,6,5,1,0,0,0,0,0,0,0,
214,210,0,24,+4 브로드소드,7,5,1,0,0,0,0,0,0,0,
215,210,0,25,+5 브로드소드,8,5,1,0,0,0,0,0,0,0,
216,210,0,26,+6 브로드소드,9,5,1,0,0,0,0,0,0,0,
217,210,0,27,+7 브로드소드,10,5,1,0,0,0,0,0,0,0,
218,210,0,28,+8 브로드소드,11,5,1,0,0,0,0,0,0,0,
219,210,0,29,+9 브로드소드,12,5,1,0,0,0,0,0,0,0,
220,220,0,20,클레이모어,4,6,2,0,0,0,0,0,0,0,
221,220,0,21,+1 클레이모어,5,6,2,0,0,0,0,0,0,0,
222,220,0,22,+2 클레이모어,6,6,2,0,0,0,0,0,0,0,
223,220,0,23,+3 클레이모어,7,6,2,0,0,0,0,0,0,0,
224,220,0,24,+4 클레이모어,8,6,2,0,0,0,0,0,0,0,
225,220,0,25,+5 클레이모어,9,6,2,0,0,0,0,0,0,0,
226,220,0,26,+6 클레이모어,10,6,2,0,0,0,0,0,0,0,
227,220,0,27,+7 클레이모어,11,6,2,0,0,0,0,0,0,0,
228,220,0,28,+8 클레이모어,12,6,2,0,0,0,0,0,0,0,
229,220,0,29,+9 클레이모어,13,6,2,0,0,0,0,0,0,0,
230,230,0,30,카타나,5,8,5,0,0,0,0,0,0,0,
231,230,0,31,+1 카타나,7,8,5,0,0,0,0,0,0,0,
232,230,0,32,+2 카타나,9,8,5,0,0,0,0,0,0,0,
233,230,0,33,+3 카타나,11,8,5,0,0,0,0,0,0,0,
234,230,0,34,+4 카타나,13,8,5,0,0,0,0,0,0,0,
235,230,0,35,+5 카타나,17,8,5,0,0,0,0,0,0,0,
236,230,0,36,+6 카타나,19,8,5,0,0,0,0,0,0,0,
237,230,0,37,+7 카타나,25,8,5,0,0,0,0,0,0,0,
238,230,0,38,+8 카타나,27,8,5,0,0,0,0,0,0,0,
239,230,0,39,+9 카타나,35,8,5,0,0,0,0,0,0,0,
240,240,0,30,전쟁 장검,14,0,0,0,0,0,0,0,0,0,
241,240,0,31,+1 전쟁 장검,16,0,0,0,0,0,0,0,0,0,
242,240,0,32,+2 전쟁 장검,18,0,0,0,0,0,0,0,0,0,
243,240,0,33,+3 전쟁 장검,20,0,0,0,0,0,0,0,0,0,
244,240,0,34,+4 전쟁 장검,22,0,0,0,0,0,0,0,0,0,
245,240,0,35,+5 전쟁 장검,26,0,0,0,0,0,0,0,0,0,
246,240,0,36,+6 전쟁 장검,28,0,0,0,0,0,0,0,0,0,
247,240,0,37,+7 전쟁 장검,34,0,0,0,0,0,0,0,0,0,
248,240,0,38,+8 전쟁 장검,36,0,0,0,0,0,0,0,0,0,
249,240,0,39,+9 전쟁 장검,42,0,0,0,0,0,0,0,0,0,
-1,,,,,,,,,,,,,,,
-1,,,,,,,,,,,,,,,
-1,,,,,,,,,,,,,,,
-1,,,,,,,,,,,,,,,
-1,,,,,,,,,,,,,,,
-1,,,,,,,,,,,,,,,
-1,,,,,,,,,,,,,,,
-1,,,,,,,,,,,,,,,
-1,,,,,,,,,,,,,,,
-1,,,,,,,,,,,,,,,
-1,,,,,,,,,,,,,,,
-1,,,,,,,,,,,,,,,
-1,,,,,,,,,,,,,,,
-1,,,,,,,,,,,,,,,
-1,,,,,,,,,,,,,,,
-1,,,,,,,,,,,,,,,
-1,,,,,,,,,,,,,,,
-1,,,,,,,,,,,,,,,
-1,,,,,,,,,,,,,,,
-1,,,,,,,,,,,,,,,
-1,,,,,,,,,,,,,,,
-1,,,,,,,,,,,,,,,
-1,,,,,,,,,,,,,,,
-1,,,,,,,,,,,,,,,
-1,,,,,,,,,,,,,,,
-1,,,,,,,,,,,,,,,
-1,,,,,,,,,,,,,,,
-1,,,,,,,,,,,,,,,
-1,,,,,,,,,,,,,,,
-1,,,,,,,,,,,,,,,
-1,,,,,,,,,,,,,,,
-1,,,,,,,,,,,,,,,
-1,,,,,,,,,,,,,,,
-1,,,,,,,,,,,,,,,
-1,,,,,,,,,,,,,,,
-1,,,,,,,,,,,,,,,
-1,,,,,,,,,,,,,,,
-1,,,,,,,,,,,,,,,
-1,,,,,,,,,,,,,,,
-1,,,,,,,,,,,,,,,
-1,,,,,,,,,,,,,,,
-1,,,,,,,,,,,,,,,
-1,,,,,,,,,,,,,,,
-1,,,,,,,,,,,,,,,
-1,,,,,,,,,,,,,,,
-1,,,,,,,,,,,,,,,
-1,,,,,,,,,,,,,,,
-1,,,,,,,,,,,,,,,
-1,,,,,,,,,,,,,,,
-1,,,,,,,,,,,,,,,
300,300,0,10,낡은 도끼,0,6,1,0,0,0,0,0,0,0,
301,300,0,11,+1 낡은 도끼,1,6,1,0,0,0,0,0,0,0,
302,300,0,12,+2 낡은 도끼,2,6,1,0,0,0,0,0,0,0,
303,300,0,13,+3 낡은 도끼,3,6,1,0,0,0,0,0,0,0,
304,300,0,14,+4 낡은 도끼,4,6,1,0,0,0,0,0,0,0,
305,300,0,15,+5 낡은 도끼,5,6,1,0,0,0,0,0,0,0,
306,300,0,16,+6 낡은 도끼,6,6,1,0,0,0,0,0,0,0,
307,300,0,17,+7 낡은 도끼,7,6,1,0,0,0,0,0,0,0,
308,300,0,18,+8 낡은 도끼,8,6,1,0,0,0,0,0,0,0,
309,300,0,19,+9 낡은 도끼,9,6,1,0,0,0,0,0,0,0,
310,310,0,20,벌목 도끼,0,11,1,0,0,0,0,0,0,0,
311,310,0,21,+1 벌목 도끼,1,11,1,0,0,0,0,0,0,0,
312,310,0,22,+2 벌목 도끼,2,11,1,0,0,0,0,0,0,0,
313,310,0,23,+3 벌목 도끼,3,11,1,0,0,0,0,0,0,0,
314,310,0,24,+4 벌목 도끼,4,11,1,0,0,0,0,0,0,0,
315,310,0,25,+5 벌목 도끼,5,11,1,0,0,0,0,0,0,0,
316,310,0,26,+6 벌목 도끼,6,11,1,0,0,0,0,0,0,0,
317,310,0,27,+7 벌목 도끼,7,11,1,0,0,0,0,0,0,0,
318,310,0,28,+8 벌목 도끼,8,11,1,0,0,0,0,0,0,0,
319,310,0,29,+9 벌목 도끼,9,11,1,0,0,0,0,0,0,0,
320,320,0,20,배틀엑스,0,15,2,0,0,0,0,0,0,0,
321,320,0,21,+1 배틀엑스,1,15,2,0,0,0,0,0,0,0,
322,320,0,22,+2 배틀엑스,2,15,2,0,0,0,0,0,0,0,
323,320,0,23,+3 배틀엑스,3,15,2,0,0,0,0,0,0,0,
324,320,0,24,+4 배틀엑스,4,15,2,0,0,0,0,0,0,0,
325,320,0,25,+5 배틀엑스,5,15,2,0,0,0,0,0,0,0,
326,320,0,26,+6 배틀엑스,6,15,2,0,0,0,0,0,0,0,
327,320,0,27,+7 배틀엑스,7,15,2,0,0,0,0,0,0,0,
328,320,0,28,+8 배틀엑스,8,15,2,0,0,0,0,0,0,0,
329,320,0,29,+9 배틀엑스,9,15,2,0,0,0,0,0,0,0,
330,330,0,30,미스릴 도끼,0,20,1,15,0,0,0,0,0,0,
331,330,0,31,+1 미스릴 도끼,2,20,1,15,0,0,0,0,0,0,
332,330,0,32,+2 미스릴 도끼,4,20,1,15,0,0,0,0,0,0,
333,330,0,33,+3 미스릴 도끼,6,20,1,15,0,0,0,0,0,0,
334,330,0,34,+4 미스릴 도끼,8,20,1,15,0,0,0,0,0,0,
335,330,0,35,+5 미스릴 도끼,11,20,1,16,0,0,0,0,0,0,
336,330,0,36,+6 미스릴 도끼,13,20,1,16,0,0,0,0,0,0,
337,330,0,37,+7 미스릴 도끼,18,20,1,18,0,0,0,0,0,0,
338,330,0,38,+8 미스릴 도끼,20,20,1,18,0,0,0,0,0,0,
339,330,0,39,+9 미스릴 도끼,25,20,1,21,0,0,0,0,0,0,
340,340,0,30,광풍의 도끼,0,20,1,15,0,0,0,0,0,0,
341,340,0,31,+1 광풍의 도끼,2,20,1,15,0,0,0,0,0,0,
342,340,0,32,+2 광풍의 도끼,4,20,1,15,0,0,0,0,0,0,
343,340,0,33,+3 광풍의 도끼,6,20,1,15,0,0,0,0,0,0,
344,340,0,34,+4 광풍의 도끼,8,20,1,15,0,0,0,0,0,0,
345,340,0,35,+5 광풍의 도끼,12,20,1,15,0,0,0,0,0,0,
346,340,0,36,+6 광풍의 도끼,14,20,1,15,0,0,0,0,0,0,
347,340,0,37,+7 광풍의 도끼,18,20,1,15,0,0,0,0,0,0,
348,340,0,38,+8 광풍의 도끼,20,20,1,15,0,0,0,0,0,0,
349,340,0,39,+9 광풍의 도끼,26,20,1,15,0,0,0,0,0,0,
-1,,,,,,,,,,,,,,,
-1,,,,,,,,,,,,,,,
-1,,,,,,,,,,,,,,,
-1,,,,,,,,,,,,,,,
-1,,,,,,,,,,,,,,,
-1,,,,,,,,,,,,,,,
-1,,,,,,,,,,,,,,,
-1,,,,,,,,,,,,,,,
-1,,,,,,,,,,,,,,,
-1,,,,,,,,,,,,,,,
-1,,,,,,,,,,,,,,,
-1,,,,,,,,,,,,,,,
-1,,,,,,,,,,,,,,,
-1,,,,,,,,,,,,,,,
-1,,,,,,,,,,,,,,,
-1,,,,,,,,,,,,,,,
-1,,,,,,,,,,,,,,,
-1,,,,,,,,,,,,,,,
-1,,,,,,,,,,,,,,,
-1,,,,,,,,,,,,,,,
-1,,,,,,,,,,,,,,,
-1,,,,,,,,,,,,,,,
-1,,,,,,,,,,,,,,,
-1,,,,,,,,,,,,,,,
-1,,,,,,,,,,,,,,,
-1,,,,,,,,,,,,,,,
-1,,,,,,,,,,,,,,,
-1,,,,,,,,,,,,,,,
-1,,,,,,,,,,,,,,,
-1,,,,,,,,,,,,,,,
-1,,,,,,,,,,,,,,,
-1,,,,,,,,,,,,,,,
-1,,,,,,,,,,,,,,,
-1,,,,,,,,,,,,,,,
-1,,,,,,,,,,,,,,,
-1,,,,,,,,,,,,,,,
-1,,,,,,,,,,,,,,,
-1,,,,,,,,,,,,,,,
-1,,,,,,,,,,,,,,,
-1,,,,,,,,,,,,,,,
-1,,,,,,,,,,,,,,,
-1,,,,,,,,,,,,,,,
-1,,,,,,,,,,,,,,,
-1,,,,,,,,,,,,,,,
-1,,,,,,,,,,,,,,,
-1,,,,,,,,,,,,,,,
-1,,,,,,,,,,,,,,,
-1,,,,,,,,,,,,,,,
-1,,,,,,,,,,,,,,,
-1,,,,,,,,,,,,,,,
-1,,,,,,,,,,,,,,,
-1,,,,,,,,,,,,,,,
-1,,,,,,,,,,,,,,,
-1,,,,,,,,,,,,,,,
-1,,,,,,,,,,,,,,,
-1,,,,,,,,,,,,,,,
-1,,,,,,,,,,,,,,,
-1,,,,,,,,,,,,,,,
-1,,,,,,,,,,,,,,,
-1,,,,,,,,,,,,,,,
-1,,,,,,,,,,,,,,,
-1,,,,,,,,,,,,,,,
-1,,,,,,,,,,,,,,,
-1,,,,,,,,,,,,,,,
-1,,,,,,,,,,,,,,,
-1,,,,,,,,,,,,,,,
-1,,,,,,,,,,,,,,,
-1,,,,,,,,,,,,,,,
-1,,,,,,,,,,,,,,,
-1,,,,,,,,,,,,,,,
-1,,,,,,,,,,,,,,,
-1,,,,,,,,,,,,,,,
-1,,,,,,,,,,,,,,,
-1,,,,,,,,,,,,,,,
-1,,,,,,,,,,,,,,,
-1,,,,,,,,,,,,,,,
-1,,,,,,,,,,,,,,,
-1,,,,,,,,,,,,,,,
-1,,,,,,,,,,,,,,,
-1,,,,,,,,,,,,,,,
-1,,,,,,,,,,,,,,,
-1,,,,,,,,,,,,,,,
-1,,,,,,,,,,,,,,,
-1,,,,,,,,,,,,,,,
-1,,,,,,,,,,,,,,,
-1,,,,,,,,,,,,,,,
-1,,,,,,,,,,,,,,,
-1,,,,,,,,,,,,,,,
-1,,,,,,,,,,,,,,,
-1,,,,,,,,,,,,,,,
-1,,,,,,,,,,,,,,,
-1,,,,,,,,,,,,,,,
-1,,,,,,,,,,,,,,,
-1,,,,,,,,,,,,,,,
-1,,,,,,,,,,,,,,,
-1,,,,,,,,,,,,,,,
-1,,,,,,,,,,,,,,,
-1,,,,,,,,,,,,,,,
-1,,,,,,,,,,,,,,,
-1,,,,,,,,,,,,,,,
-1,,,,,,,,,,,,,,,
-1,,,,,,,,,,,,,,,
-1,,,,,,,,,,,,,,,
-1,,,,,,,,,,,,,,,
-1,,,,,,,,,,,,,,,
-1,,,,,,,,,,,,,,,
-1,,,,,,,,,,,,,,,
-1,,,,,,,,,,,,,,,
-1,,,,,,,,,,,,,,,
-1,,,,,,,,,,,,,,,
-1,,,,,,,,,,,,,,,
-1,,,,,,,,,,,,,,,
-1,,,,,,,,,,,,,,,
-1,,,,,,,,,,,,,,,
-1,,,,,,,,,,,,,,,
-1,,,,,,,,,,,,,,,
-1,,,,,,,,,,,,,,,
-1,,,,,,,,,,,,,,,
-1,,,,,,,,,,,,,,,
-1,,,,,,,,,,,,,,,
-1,,,,,,,,,,,,,,,
-1,,,,,,,,,,,,,,,
-1,,,,,,,,,,,,,,,
-1,,,,,,,,,,,,,,,
-1,,,,,,,,,,,,,,,
-1,,,,,,,,,,,,,,,
-1,,,,,,,,,,,,,,,
-1,,,,,,,,,,,,,,,
-1,,,,,,,,,,,,,,,
-1,,,,,,,,,,,,,,,
-1,,,,,,,,,,,,,,,
-1,,,,,,,,,,,,,,,
-1,,,,,,,,,,,,,,,
-1,,,,,,,,,,,,,,,
-1,,,,,,,,,,,,,,,
-1,,,,,,,,,,,,,,,
-1,,,,,,,,,,,,,,,
-1,,,,,,,,,,,,,,,
-1,,,,,,,,,,,,,,,
-1,,,,,,,,,,,,,,,
-1,,,,,,,,,,,,,,,
-1,,,,,,,,,,,,,,,
-1,,,,,,,,,,,,,,,
-1,,,,,,,,,,,,,,,
-1,,,,,,,,,,,,,,,
-1,,,,,,,,,,,,,,,
-1,,,,,,,,,,,,,,,
-1,,,,,,,,,,,,,,,
-1,,,,,,,,,,,,,,,
-1,,,,,,,,,,,,,,,
500,500,1,20,둥근 방패,0,0,0,0,4,0,0,0,0,0,
501,500,1,21,+1 둥근 방패,0,0,0,0,5,0,0,0,0,0,
502,500,1,22,+2 둥근 방패,0,0,0,0,6,0,0,0,0,0,
503,500,1,23,+3 둥근 방패,0,0,0,0,7,0,0,0,0,0,
504,500,1,24,+4 둥근 방패,0,0,0,0,8,0,0,0,0,0,
505,500,1,25,+5 둥근 방패,0,0,0,0,9,0,0,0,0,0,
506,500,1,26,+6 둥근 방패,0,0,0,0,10,0,0,0,0,0,
507,500,1,27,+7 둥근 방패,0,0,0,0,11,0,0,0,0,0,
508,500,1,28,+8 둥근 방패,0,0,0,0,12,0,0,0,0,0,
509,500,1,29,+9 둥근 방패,0,0,0,0,13,0,0,0,0,0,
510,510,1,30,서리 방패,0,0,0,0,6,0,0,0,0,0,
511,510,1,31,+1 서리 방패,0,0,0,0,8,0,0,0,0,0,
512,510,1,32,+2 서리 방패,0,0,0,0,10,0,0,0,0,0,
513,510,1,33,+3 서리 방패,0,0,0,0,12,0,0,0,0,0,
514,510,1,34,+4 서리 방패,0,0,0,0,14,0,0,0,0,0,
515,510,1,35,+5 서리 방패,0,0,0,0,17,0,0,0,0,0,
516,510,1,36,+6 서리 방패,0,0,0,0,19,0,0,0,0,0,
517,510,1,37,+7 서리 방패,0,0,0,0,24,0,0,0,0,0,
518,510,1,38,+8 서리 방패,0,0,0,0,26,0,0,0,0,0,
519,510,1,39,+9 서리 방패,0,0,0,0,33,0,0,0,0,0,
520,520,1,30,그림자 방패,0,0,0,0,6,10,0,0,0,0,
521,520,1,31,+1 그림자 방패,0,0,0,0,8,10,0,0,0,0,
522,520,1,32,+2 그림자 방패,0,0,0,0,10,10,0,0,0,0,
523,520,1,33,+3 그림자 방패,0,0,0,0,12,10,0,0,0,0,
524,520,1,34,+4 그림자 방패,0,0,0,0,14,10,0,0,0,0,
525,520,1,35,+5 그림자 방패,0,0,0,0,17,10,0,0,0,0,
526,520,1,36,+6 그림자 방패,0,0,0,0,19,10,0,0,0,0,
527,520,1,37,+7 그림자 방패,0,0,0,0,24,10,0,0,0,0,
528,520,1,38,+8 그림자 방패,0,0,0,0,26,10,0,0,0,0,
529,520,1,39,+9 그림자 방패,0,0,0,0,33,20,0,0,0,0,
530,530,1,30,군단의 방패,0,0,0,0,9,0,0,10,0,0,
531,530,1,31,+1 군단의 방패,0,0,0,0,11,0,0,10,0,0,
532,530,1,32,+2 군단의 방패,0,0,0,0,13,0,0,10,0,0,
533,530,1,33,+3 군단의 방패,0,0,0,0,15,0,0,10,0,0,
534,530,1,34,+4 군단의 방패,0,0,0,0,17,0,0,10,0,0,
535,530,1,35,+5 군단의 방패,0,0,0,0,20,0,0,10,0,0,
536,530,1,36,+6 군단의 방패,0,0,0,0,22,0,0,10,0,0,
537,530,1,37,+7 군단의 방패,0,0,0,0,27,0,0,10,0,0,
538,530,1,38,+8 군단의 방패,0,0,0,0,29,0,0,10,0,0,
539,530,1,39,+9 군단의 방패,0,0,0,0,36,0,0,20,0,0,
540,540,1,30,민첩의 가더,0,0,0,10,4,0,0,0,0,0,
541,540,1,31,+1 민첩의 가더,0,0,0,10,6,0,0,0,0,0,
542,540,1,32,+2 민첩의 가더,0,0,0,10,8,0,0,0,0,0,
543,540,1,33,+3 민첩의 가더,0,0,0,10,10,0,0,0,0,0,
544,540,1,34,+4 민첩의 가더,0,0,0,10,12,0,0,0,0,0,
545,540,1,35,+5 민첩의 가더,0,0,0,12,14,0,0,0,0,0,
546,540,1,36,+6 민첩의 가더,0,0,0,12,16,0,0,0,0,0,
547,540,1,37,+7 민첩의 가더,0,0,0,15,18,0,0,0,0,0,
548,540,1,38,+8 민첩의 가더,0,0,0,15,20,0,0,0,0,0,
549,540,1,39,+9 민첩의 가더,0,0,0,20,22,0,0,0,0,0,
-1,,,,,,,,,,,,,,,
-1,,,,,,,,,,,,,,,
-1,,,,,,,,,,,,,,,
-1,,,,,,,,,,,,,,,
-1,,,,,,,,,,,,,,,
-1,,,,,,,,,,,,,,,
-1,,,,,,,,,,,,,,,
-1,,,,,,,,,,,,,,,
-1,,,,,,,,,,,,,,,
-1,,,,,,,,,,,,,,,
-1,,,,,,,,,,,,,,,
-1,,,,,,,,,,,,,,,
-1,,,,,,,,,,,,,,,
-1,,,,,,,,,,,,,,,
-1,,,,,,,,,,,,,,,
-1,,,,,,,,,,,,,,,
-1,,,,,,,,,,,,,,,
-1,,,,,,,,,,,,,,,
-1,,,,,,,,,,,,,,,
-1,,,,,,,,,,,,,,,
-1,,,,,,,,,,,,,,,
-1,,,,,,,,,,,,,,,
-1,,,,,,,,,,,,,,,
-1,,,,,,,,,,,,,,,
-1,,,,,,,,,,,,,,,
-1,,,,,,,,,,,,,,,
-1,,,,,,,,,,,,,,,
-1,,,,,,,,,,,,,,,
-1,,,,,,,,,,,,,,,
-1,,,,,,,,,,,,,,,
-1,,,,,,,,,,,,,,,
-1,,,,,,,,,,,,,,,
-1,,,,,,,,,,,,,,,
-1,,,,,,,,,,,,,,,
-1,,,,,,,,,,,,,,,
-1,,,,,,,,,,,,,,,
-1,,,,,,,,,,,,,,,
-1,,,,,,,,,,,,,,,
-1,,,,,,,,,,,,,,,
-1,,,,,,,,,,,,,,,
-1,,,,,,,,,,,,,,,
-1,,,,,,,,,,,,,,,
-1,,,,,,,,,,,,,,,
-1,,,,,,,,,,,,,,,
-1,,,,,,,,,,,,,,,
-1,,,,,,,,,,,,,,,
-1,,,,,,,,,,,,,,,
-1,,,,,,,,,,,,,,,
-1,,,,,,,,,,,,,,,
599,599,1,50,모순의 순,0,0,0,25,50,25,500,25,0,0,
600,600,2,10,낡은 가죽 모자,0,0,0,0,1,0,0,0,0,0,
601,600,2,11,+1 낡은 가죽 모자,0,0,0,0,2,0,0,0,0,0,
602,600,2,12,+2 낡은 가죽 모자,0,0,0,0,3,0,0,0,0,0,
603,600,2,13,+3 낡은 가죽 모자,0,0,0,0,4,0,0,0,0,0,
604,600,2,14,+4 낡은 가죽 모자,0,0,0,0,5,0,0,0,0,0,
605,600,2,15,+5 낡은 가죽 모자,0,0,0,0,6,0,0,0,0,0,
606,600,2,16,+6 낡은 가죽 모자,0,0,0,0,7,0,0,0,0,0,
607,600,2,17,+7 낡은 가죽 모자,0,0,0,0,8,0,0,0,0,0,
608,600,2,18,+8 낡은 가죽 모자,0,0,0,0,9,0,0,0,0,0,
609,600,2,19,+9 낡은 가죽 모자,0,0,0,0,10,0,0,0,0,0,
610,610,2,20,가죽 모자,0,0,0,0,2,0,0,0,0,0,
611,610,2,21,+1 가죽 모자,0,0,0,0,3,0,0,0,0,0,
612,610,2,22,+2 가죽 모자,0,0,0,0,4,0,0,0,0,0,
613,610,2,23,+3 가죽 모자,0,0,0,0,5,0,0,0,0,0,
614,610,2,24,+4 가죽 모자,0,0,0,0,6,0,0,0,0,0,
615,610,2,25,+5 가죽 모자,0,0,0,0,7,0,0,0,0,0,
616,610,2,26,+6 가죽 모자,0,0,0,0,8,0,0,0,0,0,
617,610,2,27,+7 가죽 모자,0,0,0,0,9,0,0,0,0,0,
618,610,2,28,+8 가죽 모자,0,0,0,0,10,0,0,0,0,0,
619,610,2,29,+9 가죽 모자,0,0,0,0,11,0,0,0,0,0,
620,620,2,20,철 투구,0,0,0,0,3,0,0,0,0,0,
621,620,2,21,+1 철 투구,0,0,0,0,4,0,0,0,0,0,
622,620,2,22,+2 철 투구,0,0,0,0,5,0,0,0,0,0,
623,620,2,23,+3 철 투구,0,0,0,0,6,0,0,0,0,0,
624,620,2,24,+4 철 투구,0,0,0,0,7,0,0,0,0,0,
625,620,2,25,+5 철 투구,0,0,0,0,8,0,0,0,0,0,
626,620,2,26,+6 철 투구,0,0,0,0,9,0,0,0,0,0,
627,620,2,27,+7 철 투구,0,0,0,0,10,0,0,0,0,0,
628,620,2,28,+8 철 투구,0,0,0,0,11,0,0,0,0,0,
629,620,2,29,+9 철 투구,0,0,0,0,12,0,0,0,0,0,
630,630,2,30,기사의 투구,1,0,0,0,5,0,0,0,0,0,
631,630,2,31,+1 기사의 투구,1,0,0,0,5,0,0,0,0,0,
632,630,2,32,+2 기사의 투구,1,0,0,0,7,0,0,0,0,0,
633,630,2,33,+3 기사의 투구,1,0,0,0,9,0,0,0,0,0,
634,630,2,34,+4 기사의 투구,1,0,0,0,11,0,0,0,0,0,
635,630,2,35,+5 기사의 투구,1,0,0,0,14,0,0,0,0,0,
636,630,2,36,+6 기사의 투구,1,0,0,0,16,0,0,0,0,0,
637,630,2,37,+7 기사의 투구,1,0,0,0,20,0,0,0,0,0,
638,630,2,38,+8 기사의 투구,1,0,0,0,22,0,0,0,0,0,
639,630,2,39,+9 기사의 투구,1,0,0,0,27,0,0,0,0,0,
-1,,,,,,,,,,,,,,,
-1,,,,,,,,,,,,,,,
-1,,,,,,,,,,,,,,,
-1,,,,,,,,,,,,,,,
-1,,,,,,,,,,,,,,,
-1,,,,,,,,,,,,,,,
-1,,,,,,,,,,,,,,,
-1,,,,,,,,,,,,,,,
-1,,,,,,,,,,,,,,,
-1,,,,,,,,,,,,,,,
-1,,,,,,,,,,,,,,,
-1,,,,,,,,,,,,,,,
-1,,,,,,,,,,,,,,,
-1,,,,,,,,,,,,,,,
-1,,,,,,,,,,,,,,,
-1,,,,,,,,,,,,,,,
-1,,,,,,,,,,,,,,,
-1,,,,,,,,,,,,,,,
-1,,,,,,,,,,,,,,,
-1,,,,,,,,,,,,,,,
-1,,,,,,,,,,,,,,,
-1,,,,,,,,,,,,,,,
-1,,,,,,,,,,,,,,,
-1,,,,,,,,,,,,,,,
-1,,,,,,,,,,,,,,,
-1,,,,,,,,,,,,,,,
-1,,,,,,,,,,,,,,,
-1,,,,,,,,,,,,,,,
-1,,,,,,,,,,,,,,,
-1,,,,,,,,,,,,,,,
-1,,,,,,,,,,,,,,,
-1,,,,,,,,,,,,,,,
-1,,,,,,,,,,,,,,,
-1,,,,,,,,,,,,,,,
-1,,,,,,,,,,,,,,,
-1,,,,,,,,,,,,,,,
-1,,,,,,,,,,,,,,,
-1,,,,,,,,,,,,,,,
-1,,,,,,,,,,,,,,,
-1,,,,,,,,,,,,,,,
-1,,,,,,,,,,,,,,,
-1,,,,,,,,,,,,,,,
-1,,,,,,,,,,,,,,,
-1,,,,,,,,,,,,,,,
-1,,,,,,,,,,,,,,,
-1,,,,,,,,,,,,,,,
-1,,,,,,,,,,,,,,,
-1,,,,,,,,,,,,,,,
-1,,,,,,,,,,,,,,,
-1,,,,,,,,,,,,,,,
-1,,,,,,,,,,,,,,,
-1,,,,,,,,,,,,,,,
-1,,,,,,,,,,,,,,,
-1,,,,,,,,,,,,,,,
-1,,,,,,,,,,,,,,,
-1,,,,,,,,,,,,,,,
-1,,,,,,,,,,,,,,,
-1,,,,,,,,,,,,,,,
-1,,,,,,,,,,,,,,,
-1,,,,,,,,,,,,,,,
700,700,3,10,낡은 가죽 상의,0,0,0,0,2,0,25,0,0,0,
701,700,3,11,+1 낡은 가죽 상의,0,0,0,0,3,0,45,0,0,0,
702,700,3,12,+2 낡은 가죽 상의,0,0,0,0,4,0,65,0,0,0,
703,700,3,13,+3 낡은 가죽 상의,0,0,0,0,5,0,85,0,0,0,
704,700,3,14,+4 낡은 가죽 상의,0,0,0,0,6,0,105,0,0,0,
705,700,3,15,+5 낡은 가죽 상의,0,0,0,0,7,0,125,0,0,0,
706,700,3,16,+6 낡은 가죽 상의,0,0,0,0,8,0,145,0,0,0,
707,700,3,17,+7 낡은 가죽 상의,0,0,0,0,9,0,165,0,0,0,
708,700,3,18,+8 낡은 가죽 상의,0,0,0,0,10,0,185,0,0,0,
709,700,3,19,+9 낡은 가죽 상의,0,0,0,0,11,0,205,0,0,0,
710,710,3,20,가죽 갑옷,0,0,0,0,3,0,50,0,0,0,
711,710,3,21,+1 가죽 갑옷,0,0,0,0,4,0,70,0,0,0,
712,710,3,22,+2 가죽 갑옷,0,0,0,0,5,0,90,0,0,0,
713,710,3,23,+3 가죽 갑옷,0,0,0,0,6,0,110,0,0,0,
714,710,3,24,+4 가죽 갑옷,0,0,0,0,7,0,130,0,0,0,
715,710,3,25,+5 가죽 갑옷,0,0,0,0,8,0,150,0,0,0,
716,710,3,26,+6 가죽 갑옷,0,0,0,0,9,0,170,0,0,0,
717,710,3,27,+7 가죽 갑옷,0,0,0,0,10,0,190,0,0,0,
718,710,3,28,+8 가죽 갑옷,0,0,0,0,11,0,210,0,0,0,
719,710,3,29,+9 가죽 갑옷,0,0,0,0,12,0,230,0,0,0,
720,720,3,20,철 갑옷,0,0,0,0,5,0,0,0,0,0,
721,720,3,21,+1 철 갑옷,0,0,0,0,6,0,20,0,0,0,
722,720,3,22,+2 철 갑옷,0,0,0,0,7,0,40,0,0,0,
723,720,3,23,+3 철 갑옷,0,0,0,0,8,0,60,0,0,0,
724,720,3,24,+4 철 갑옷,0,0,0,0,9,0,80,0,0,0,
725,720,3,25,+5 철 갑옷,0,0,0,0,10,0,100,0,0,0,
726,720,3,26,+6 철 갑옷,0,0,0,0,11,0,120,0,0,0,
727,720,3,27,+7 철 갑옷,0,0,0,0,12,0,140,0,0,0,
728,720,3,28,+8 철 갑옷,0,0,0,0,13,0,160,0,0,0,
729,720,3,29,+9 철 갑옷,0,0,0,0,14,0,180,0,0,0,
730,730,3,30,기사의 갑옷,0,0,0,0,7,0,200,0,0,0,
731,730,3,31,+1 기사의 갑옷,0,0,0,0,9,0,240,0,0,0,
732,730,3,32,+2 기사의 갑옷,0,0,0,0,11,0,280,0,0,0,
733,730,3,33,+3 기사의 갑옷,0,0,0,0,13,0,320,0,0,0,
734,730,3,34,+4 기사의 갑옷,0,0,0,0,15,0,360,0,0,0,
735,730,3,35,+5 기사의 갑옷,0,0,0,0,18,0,400,0,0,0,
736,730,3,36,+6 기사의 갑옷,0,0,0,0,20,0,440,0,0,0,
737,730,3,37,+7 기사의 갑옷,0,0,0,0,24,0,480,0,0,0,
738,730,3,38,+8 기사의 갑옷,0,0,0,0,26,0,520,0,0,0,
739,730,3,39,+9 기사의 갑옷,0,0,0,0,31,0,560,0,0,0,
-1,,,,,,,,,,,,,,,
-1,,,,,,,,,,,,,,,
-1,,,,,,,,,,,,,,,
-1,,,,,,,,,,,,,,,
-1,,,,,,,,,,,,,,,
-1,,,,,,,,,,,,,,,
-1,,,,,,,,,,,,,,,
-1,,,,,,,,,,,,,,,
-1,,,,,,,,,,,,,,,
-1,,,,,,,,,,,,,,,
-1,,,,,,,,,,,,,,,
-1,,,,,,,,,,,,,,,
-1,,,,,,,,,,,,,,,
-1,,,,,,,,,,,,,,,
-1,,,,,,,,,,,,,,,
-1,,,,,,,,,,,,,,,
-1,,,,,,,,,,,,,,,
-1,,,,,,,,,,,,,,,
-1,,,,,,,,,,,,,,,
-1,,,,,,,,,,,,,,,
-1,,,,,,,,,,,,,,,
-1,,,,,,,,,,,,,,,
-1,,,,,,,,,,,,,,,
-1,,,,,,,,,,,,,,,
-1,,,,,,,,,,,,,,,
-1,,,,,,,,,,,,,,,
-1,,,,,,,,,,,,,,,
-1,,,,,,,,,,,,,,,
-1,,,,,,,,,,,,,,,
-1,,,,,,,,,,,,,,,
-1,,,,,,,,,,,,,,,
-1,,,,,,,,,,,,,,,
-1,,,,,,,,,,,,,,,
-1,,,,,,,,,,,,,,,
-1,,,,,,,,,,,,,,,
-1,,,,,,,,,,,,,,,
-1,,,,,,,,,,,,,,,
-1,,,,,,,,,,,,,,,
-1,,,,,,,,,,,,,,,
-1,,,,,,,,,,,,,,,
-1,,,,,,,,,,,,,,,
-1,,,,,,,,,,,,,,,
-1,,,,,,,,,,,,,,,
-1,,,,,,,,,,,,,,,
-1,,,,,,,,,,,,,,,
-1,,,,,,,,,,,,,,,
-1,,,,,,,,,,,,,,,
-1,,,,,,,,,,,,,,,
-1,,,,,,,,,,,,,,,
-1,,,,,,,,,,,,,,,
-1,,,,,,,,,,,,,,,
-1,,,,,,,,,,,,,,,
-1,,,,,,,,,,,,,,,
-1,,,,,,,,,,,,,,,
-1,,,,,,,,,,,,,,,
-1,,,,,,,,,,,,,,,
-1,,,,,,,,,,,,,,,
-1,,,,,,,,,,,,,,,
-1,,,,,,,,,,,,,,,
-1,,,,,,,,,,,,,,,
800,800,4,10,낡은 가죽 하의,0,0,0,0,1,0,15,0,0,0,
801,800,4,11,+1 낡은 가죽 하의,0,0,0,0,2,0,15,0,0,0,
802,800,4,12,+2 낡은 가죽 하의,0,0,0,0,3,0,15,0,0,0,
803,800,4,13,+3 낡은 가죽 하의,0,0,0,0,4,0,15,0,0,0,
804,800,4,14,+4 낡은 가죽 하의,0,0,0,0,5,0,15,0,0,0,
805,800,4,15,+5 낡은 가죽 하의,0,0,0,0,6,0,15,0,0,0,
806,800,4,16,+6 낡은 가죽 하의,0,0,0,0,7,0,15,0,0,0,
807,800,4,17,+7 낡은 가죽 하의,0,0,0,0,8,0,15,0,0,0,
808,800,4,18,+8 낡은 가죽 하의,0,0,0,0,9,0,15,0,0,0,
809,800,4,19,+9 낡은 가죽 하의,0,0,0,0,10,0,15,0,0,0,
810,810,4,20,가죽 하의,0,0,0,0,2,0,25,0,0,0,
811,810,4,21,+1 가죽 하의,0,0,0,0,3,0,25,0,0,0,
812,810,4,22,+2 가죽 하의,0,0,0,0,4,0,25,0,0,0,
813,810,4,23,+3 가죽 하의,0,0,0,0,5,0,25,0,0,0,
814,810,4,24,+4 가죽 하의,0,0,0,0,6,0,25,0,0,0,
815,810,4,25,+5 가죽 하의,0,0,0,0,7,0,25,0,0,0,
816,810,4,26,+6 가죽 하의,0,0,0,0,8,0,25,0,0,0,
817,810,4,27,+7 가죽 하의,0,0,0,0,9,0,25,0,0,0,
818,810,4,28,+8 가죽 하의,0,0,0,0,10,0,25,0,0,0,
819,810,4,29,+9 가죽 하의,0,0,0,0,11,0,25,0,0,0,
820,820,4,20,철 각반,0,0,0,0,3,0,0,0,0,0,
821,820,4,21,+1 철 각반,0,0,0,0,4,0,0,0,0,0,
822,820,4,22,+2 철 각반,0,0,0,0,5,0,0,0,0,0,
823,820,4,23,+3 철 각반,0,0,0,0,6,0,0,0,0,0,
824,820,4,24,+4 철 각반,0,0,0,0,7,0,0,0,0,0,
825,820,4,25,+5 철 각반,0,0,0,0,8,0,0,0,0,0,
826,820,4,26,+6 철 각반,0,0,0,0,9,0,0,0,0,0,
827,820,4,27,+7 철 각반,0,0,0,0,10,0,0,0,0,0,
828,820,4,28,+8 철 각반,0,0,0,0,11,0,0,0,0,0,
829,820,4,29,+9 철 각반,0,0,0,0,12,0,0,0,0,0,
830,830,4,30,기사의 각반,0,0,0,0,5,0,0,0,0,0,
837,830,4,31,+1 기사의 각반,0,0,0,0,5,0,0,0,0,0,
831,830,4,32,+2 기사의 각반,0,0,0,0,7,0,0,0,0,0,
832,830,4,33,+3 기사의 각반,0,0,0,0,9,0,0,0,0,0,
833,830,4,34,+4 기사의 각반,0,0,0,0,11,0,0,0,0,0,
834,830,4,35,+5 기사의 각반,0,0,0,0,14,0,0,0,0,0,
835,830,4,36,+6 기사의 각반,0,0,0,0,16,0,0,0,0,0,
836,830,4,37,+7 기사의 각반,0,0,0,0,20,0,0,0,0,0,
838,830,4,38,+8 기사의 각반,0,0,0,0,22,0,0,0,0,0,
839,830,4,39,+9 기사의 각반,0,0,0,0,27,0,0,0,0,0,
-1,,,,,,,,,,,,,,,
-1,,,,,,,,,,,,,,,
-1,,,,,,,,,,,,,,,
-1,,,,,,,,,,,,,,,
-1,,,,,,,,,,,,,,,
-1,,,,,,,,,,,,,,,
-1,,,,,,,,,,,,,,,
-1,,,,,,,,,,,,,,,
-1,,,,,,,,,,,,,,,
-1,,,,,,,,,,,,,,,
-1,,,,,,,,,,,,,,,
-1,,,,,,,,,,,,,,,
-1,,,,,,,,,,,,,,,
-1,,,,,,,,,,,,,,,
-1,,,,,,,,,,,,,,,
-1,,,,,,,,,,,,,,,
-1,,,,,,,,,,,,,,,
-1,,,,,,,,,,,,,,,
-1,,,,,,,,,,,,,,,
-1,,,,,,,,,,,,,,,
-1,,,,,,,,,,,,,,,
-1,,,,,,,,,,,,,,,
-1,,,,,,,,,,,,,,,
-1,,,,,,,,,,,,,,,
-1,,,,,,,,,,,,,,,
-1,,,,,,,,,,,,,,,
-1,,,,,,,,,,,,,,,
-1,,,,,,,,,,,,,,,
-1,,,,,,,,,,,,,,,
-1,,,,,,,,,,,,,,,
-1,,,,,,,,,,,,,,,
-1,,,,,,,,,,,,,,,
-1,,,,,,,,,,,,,,,
-1,,,,,,,,,,,,,,,
-1,,,,,,,,,,,,,,,
-1,,,,,,,,,,,,,,,
-1,,,,,,,,,,,,,,,
-1,,,,,,,,,,,,,,,
-1,,,,,,,,,,,,,,,
-1,,,,,,,,,,,,,,,
-1,,,,,,,,,,,,,,,
-1,,,,,,,,,,,,,,,
-1,,,,,,,,,,,,,,,
-1,,,,,,,,,,,,,,,
-1,,,,,,,,,,,,,,,
-1,,,,,,,,,,,,,,,
-1,,,,,,,,,,,,,,,
-1,,,,,,,,,,,,,,,
-1,,,,,,,,,,,,,,,
-1,,,,,,,,,,,,,,,
-1,,,,,,,,,,,,,,,
-1,,,,,,,,,,,,,,,
-1,,,,,,,,,,,,,,,
-1,,,,,,,,,,,,,,,
-1,,,,,,,,,,,,,,,
-1,,,,,,,,,,,,,,,
-1,,,,,,,,,,,,,,,
-1,,,,,,,,,,,,,,,
-1,,,,,,,,,,,,,,,
-1,,,,,,,,,,,,,,,
900,900,5,10,낡은 가죽 장갑,0,0,0,0,0,0,10,0,0,0,
901,900,5,11,+1 낡은 가죽 장갑,0,0,0,1,0,0,10,0,0,1,
902,900,5,12,+2 낡은 가죽 장갑,0,0,0,2,0,0,10,0,0,2,
903,900,5,13,+3 낡은 가죽 장갑,0,0,0,3,0,0,10,0,0,3,
904,900,5,14,+4 낡은 가죽 장갑,0,0,0,4,0,0,10,0,0,4,
905,900,5,15,+5 낡은 가죽 장갑,0,0,0,5,0,0,10,0,0,5,
906,900,5,16,+6 낡은 가죽 장갑,0,0,0,6,0,0,10,0,0,6,
907,900,5,17,+7 낡은 가죽 장갑,0,0,0,7,0,0,10,0,0,7,
908,900,5,18,+8 낡은 가죽 장갑,0,0,0,8,0,0,10,0,0,8,
909,900,5,19,+9 낡은 가죽 장갑,0,0,0,9,0,0,10,0,0,9,
910,910,5,20,가죽 장갑,0,0,0,1,0,0,25,0,0,1,
911,910,5,21,+1 가죽 장갑,0,0,0,2,0,0,25,0,0,2,
912,910,5,22,+2 가죽 장갑,0,0,0,3,0,0,25,0,0,3,
913,910,5,23,+3 가죽 장갑,0,0,0,4,0,0,25,0,0,4,
914,910,5,24,+4 가죽 장갑,0,0,0,5,0,0,25,0,0,5,
915,910,5,25,+5 가죽 장갑,0,0,0,6,0,0,25,0,0,6,
916,910,5,26,+6 가죽 장갑,0,0,0,7,0,0,25,0,0,7,
917,910,5,27,+7 가죽 장갑,0,0,0,8,0,0,25,0,0,8,
918,910,5,28,+8 가죽 장갑,0,0,0,9,0,0,25,0,0,9,
919,910,5,29,+9 가죽 장갑,0,0,0,10,0,0,25,0,0,10,
920,920,5,20,철 장갑,0,0,0,0,1,0,0,0,0,0,
921,920,5,21,+1 철 장갑,0,0,0,1,1,0,0,0,0,1,
922,920,5,22,+2 철 장갑,0,0,0,2,1,0,0,0,0,2,
923,920,5,23,+3 철 장갑,0,0,0,3,1,0,0,0,0,3,
924,920,5,24,+4 철 장갑,0,0,0,4,1,0,0,0,0,4,
925,920,5,25,+5 철 장갑,0,0,0,5,1,0,0,0,0,5,
926,920,5,26,+6 철 장갑,0,0,0,6,1,0,0,0,0,6,
927,920,5,27,+7 철 장갑,0,0,0,7,1,0,0,0,0,7,
928,920,5,28,+8 철 장갑,0,0,0,8,1,0,0,0,0,8,
929,920,5,29,+9 철 장갑,0,0,0,9,1,0,0,0,0,9,
930,930,5,30,기사의 장갑,0,0,0,2,2,0,0,0,0,2,
931,930,5,31,+1 기사의 장갑,0,0,0,4,2,0,0,0,0,4,
932,930,5,32,+2 기사의 장갑,0,0,0,6,2,0,0,0,0,6,
933,930,5,33,+3 기사의 장갑,0,0,0,8,2,0,0,0,0,8,
934,930,5,34,+4 기사의 장갑,0,0,0,10,2,0,0,0,0,10,
935,930,5,35,+5 기사의 장갑,0,0,0,12,3,0,0,0,0,12,
936,930,5,36,+6 기사의 장갑,0,0,0,14,3,0,0,0,0,14,
937,930,5,37,+7 기사의 장갑,0,0,0,16,5,0,0,0,0,16,
938,930,5,38,+8 기사의 장갑,0,0,0,18,5,0,0,0,0,18,
939,930,5,39,+9 기사의 장갑,0,0,0,20,8,0,0,0,0,20,
-1,,,,,,,,,,,,,,,
-1,,,,,,,,,,,,,,,
-1,,,,,,,,,,,,,,,
-1,,,,,,,,,,,,,,,
-1,,,,,,,,,,,,,,,
-1,,,,,,,,,,,,,,,
-1,,,,,,,,,,,,,,,
-1,,,,,,,,,,,,,,,
-1,,,,,,,,,,,,,,,
-1,,,,,,,,,,,,,,,
-1,,,,,,,,,,,,,,,
-1,,,,,,,,,,,,,,,
-1,,,,,,,,,,,,,,,
-1,,,,,,,,,,,,,,,
-1,,,,,,,,,,,,,,,
-1,,,,,,,,,,,,,,,
-1,,,,,,,,,,,,,,,
-1,,,,,,,,,,,,,,,
-1,,,,,,,,,,,,,,,
-1,,,,,,,,,,,,,,,
-1,,,,,,,,,,,,,,,
-1,,,,,,,,,,,,,,,
-1,,,,,,,,,,,,,,,
-1,,,,,,,,,,,,,,,
-1,,,,,,,,,,,,,,,
-1,,,,,,,,,,,,,,,
-1,,,,,,,,,,,,,,,
-1,,,,,,,,,,,,,,,
-1,,,,,,,,,,,,,,,
-1,,,,,,,,,,,,,,,
-1,,,,,,,,,,,,,,,
-1,,,,,,,,,,,,,,,
-1,,,,,,,,,,,,,,,
-1,,,,,,,,,,,,,,,
-1,,,,,,,,,,,,,,,
-1,,,,,,,,,,,,,,,
-1,,,,,,,,,,,,,,,
-1,,,,,,,,,,,,,,,
-1,,,,,,,,,,,,,,,
-1,,,,,,,,,,,,,,,
-1,,,,,,,,,,,,,,,
-1,,,,,,,,,,,,,,,
-1,,,,,,,,,,,,,,,
-1,,,,,,,,,,,,,,,
-1,,,,,,,,,,,,,,,
-1,,,,,,,,,,,,,,,
-1,,,,,,,,,,,,,,,
-1,,,,,,,,,,,,,,,
-1,,,,,,,,,,,,,,,
-1,,,,,,,,,,,,,,,
-1,,,,,,,,,,,,,,,
-1,,,,,,,,,,,,,,,
-1,,,,,,,,,,,,,,,
-1,,,,,,,,,,,,,,,
-1,,,,,,,,,,,,,,,
-1,,,,,,,,,,,,,,,
-1,,,,,,,,,,,,,,,
-1,,,,,,,,,,,,,,,
-1,,,,,,,,,,,,,,,
-1,,,,,,,,,,,,,,,
1000,1000,6,10,낡은 가죽 부츠,0,0,0,0,1,0,0,0,0,0,
1001,1000,6,11,+1 낡은 가죽 부츠,0,0,0,0,1,0,0,0,1,0,
1002,1000,6,12,+2 낡은 가죽 부츠,0,0,0,0,1,0,0,0,2,0,
1003,1000,6,13,+3 낡은 가죽 부츠,0,0,0,0,1,0,0,0,3,0,
1004,1000,6,14,+4 낡은 가죽 부츠,0,0,0,0,1,0,0,0,4,0,
1005,1000,6,15,+5 낡은 가죽 부츠,0,0,0,0,1,0,0,0,5,0,
1006,1000,6,16,+6 낡은 가죽 부츠,0,0,0,0,1,0,0,0,6,0,
1007,1000,6,17,+7 낡은 가죽 부츠,0,0,0,0,1,0,0,0,7,0,
1008,1000,6,18,+8 낡은 가죽 부츠,0,0,0,0,1,0,0,0,8,0,
1009,1000,6,19,+9 낡은 가죽 부츠,0,0,0,0,1,0,0,0,9,0,
1010,1010,6,20,가죽 부츠,0,0,0,0,1,0,0,0,1,0,
1011,1010,6,21,+1 가죽 부츠,0,0,0,0,1,0,0,0,2,0,
1012,1010,6,22,+2 가죽 부츠,0,0,0,0,1,0,0,0,3,0,
1013,1010,6,23,+3 가죽 부츠,0,0,0,0,1,0,0,0,4,0,
1014,1010,6,24,+4 가죽 부츠,0,0,0,0,1,0,0,0,5,0,
1015,1010,6,25,+5 가죽 부츠,0,0,0,0,1,0,0,0,6,0,
1016,1010,6,26,+6 가죽 부츠,0,0,0,0,1,0,0,0,7,0,
1017,1010,6,27,+7 가죽 부츠,0,0,0,0,1,0,0,0,8,0,
1018,1010,6,28,+8 가죽 부츠,0,0,0,0,1,0,0,0,9,0,
1019,1010,6,29,+9 가죽 부츠,0,0,0,0,1,0,0,0,10,0,
1020,1020,6,20,철 부츠,0,0,0,0,2,0,0,0,0,0,
1021,1020,6,21,+1 철 부츠,0,0,0,0,2,0,0,0,1,0,
1022,1020,6,22,+2 철 부츠,0,0,0,0,2,0,0,0,2,0,
1023,1020,6,23,+3 철 부츠,0,0,0,0,2,0,0,0,3,0,
1024,1020,6,24,+4 철 부츠,0,0,0,0,2,0,0,0,4,0,
1025,1020,6,25,+5 철 부츠,0,0,0,0,2,0,0,0,5,0,
1026,1020,6,26,+6 철 부츠,0,0,0,0,2,0,0,0,6,0,
1027,1020,6,27,+7 철 부츠,0,0,0,0,2,0,0,0,7,0,
1028,1020,6,28,+8 철 부츠,0,0,0,0,2,0,0,0,8,0,
1029,1020,6,29,+9 철 부츠,0,0,0,0,2,0,0,0,9,0,
1030,1030,6,30,기사의 부츠,0,0,0,0,3,0,0,0,2,0,
1031,1030,6,31,+1 기사의 부츠,0,0,0,0,3,0,0,0,4,0,
1032,1030,6,32,+2 기사의 부츠,0,0,0,0,3,0,0,0,6,0,
1033,1030,6,33,+3 기사의 부츠,0,0,0,0,3,0,0,0,8,0,
1034,1030,6,34,+4 기사의 부츠,0,0,0,0,3,0,0,0,10,0,
1035,1030,6,35,+5 기사의 부츠,0,0,0,0,4,0,0,0,12,0,
1036,1030,6,36,+6 기사의 부츠,0,0,0,0,4,0,0,0,14,0,
1037,1030,6,37,+7 기사의 부츠,0,0,0,0,6,0,0,0,16,0,
1038,1030,6,38,+8 기사의 부츠,0,0,0,0,6,0,0,0,18,0,
1039,1030,6,39,+9 기사의 부츠,0,0,0,0,9,0,0,0,20,0,
-1,,,,,,,,,,,,,,,
-1,,,,,,,,,,,,,,,
-1,,,,,,,,,,,,,,,
-1,,,,,,,,,,,,,,,
-1,,,,,,,,,,,,,,,
-1,,,,,,,,,,,,,,,
-1,,,,,,,,,,,,,,,
-1,,,,,,,,,,,,,,,
-1,,,,,,,,,,,,,,,
-1,,,,,,,,,,,,,,,
-1,,,,,,,,,,,,,,,
-1,,,,,,,,,,,,,,,
-1,,,,,,,,,,,,,,,
-1,,,,,,,,,,,,,,,
-1,,,,,,,,,,,,,,,
-1,,,,,,,,,,,,,,,
-1,,,,,,,,,,,,,,,
-1,,,,,,,,,,,,,,,
-1,,,,,,,,,,,,,,,
-1,,,,,,,,,,,,,,,
-1,,,,,,,,,,,,,,,
-1,,,,,,,,,,,,,,,
-1,,,,,,,,,,,,,,,
-1,,,,,,,,,,,,,,,
-1,,,,,,,,,,,,,,,
-1,,,,,,,,,,,,,,,
-1,,,,,,,,,,,,,,,
-1,,,,,,,,,,,,,,,
-1,,,,,,,,,,,,,,,
-1,,,,,,,,,,,,,,,
-1,,,,,,,,,,,,,,,
-1,,,,,,,,,,,,,,,
-1,,,,,,,,,,,,,,,
-1,,,,,,,,,,,,,,,
-1,,,,,,,,,,,,,,,
-1,,,,,,,,,,,,,,,
-1,,,,,,,,,,,,,,,
-1,,,,,,,,,,,,,,,
-1,,,,,,,,,,,,,,,
-1,,,,,,,,,,,,,,,
-1,,,,,,,,,,,,,,,
-1,,,,,,,,,,,,,,,
-1,,,,,,,,,,,,,,,
-1,,,,,,,,,,,,,,,
-1,,,,,,,,,,,,,,,
-1,,,,,,,,,,,,,,,
-1,,,,,,,,,,,,,,,
-1,,,,,,,,,,,,,,,
-1,,,,,,,,,,,,,,,
-1,,,,,,,,,,,,,,,
-1,,,,,,,,,,,,,,,
-1,,,,,,,,,,,,,,,
-1,,,,,,,,,,,,,,,
-1,,,,,,,,,,,,,,,
-1,,,,,,,,,,,,,,,
-1,,,,,,,,,,,,,,,
-1,,,,,,,,,,,,,,,
-1,,,,,,,,,,,,,,,
-1,,,,,,,,,,,,,,,
-1,,,,,,,,,,,,,,,
-1,,,,,,,,,,,,,,,
-1,,,,,,,,,,,,,,,
-1,,,,,,,,,,,,,,,
-1,,,,,,,,,,,,,,,
-1,,,,,,,,,,,,,,,
-1,,,,,,,,,,,,,,,
-1,,,,,,,,,,,,,,,
-1,,,,,,,,,,,,,,,
-1,,,,,,,,,,,,,,,
-1,,,,,,,,,,,,,,,
-1,,,,,,,,,,,,,,,
-1,,,,,,,,,,,,,,,
-1,,,,,,,,,,,,,,,
-1,,,,,,,,,,,,,,,
-1,,,,,,,,,,,,,,,
-1,,,,,,,,,,,,,,,
-1,,,,,,,,,,,,,,,
-1,,,,,,,,,,,,,,,
-1,,,,,,,,,,,,,,,
-1,,,,,,,,,,,,,,,
-1,,,,,,,,,,,,,,,
-1,,,,,,,,,,,,,,,
-1,,,,,,,,,,,,,,,
-1,,,,,,,,,,,,,,,
-1,,,,,,,,,,,,,,,
-1,,,,,,,,,,,,,,,
-1,,,,,,,,,,,,,,,
-1,,,,,,,,,,,,,,,
-1,,,,,,,,,,,,,,,
-1,,,,,,,,,,,,,,,
-1,,,,,,,,,,,,,,,
-1,,,,,,,,,,,,,,,
-1,,,,,,,,,,,,,,,
-1,,,,,,,,,,,,,,,
-1,,,,,,,,,,,,,,,
-1,,,,,,,,,,,,,,,
-1,,,,,,,,,,,,,,,
-1,,,,,,,,,,,,,,,
-1,,,,,,,,,,,,,,,
-1,,,,,,,,,,,,,,,
-1,,,,,,,,,,,,,,,
-1,,,,,,,,,,,,,,,
-1,,,,,,,,,,,,,,,
-1,,,,,,,,,,,,,,,
-1,,,,,,,,,,,,,,,
-1,,,,,,,,,,,,,,,
-1,,,,,,,,,,,,,,,
-1,,,,,,,,,,,,,,,
-1,,,,,,,,,,,,,,,
-1,,,,,,,,,,,,,,,
-1,,,,,,,,,,,,,,,
-1,,,,,,,,,,,,,,,
-1,,,,,,,,,,,,,,,
-1,,,,,,,,,,,,,,,
-1,,,,,,,,,,,,,,,
-1,,,,,,,,,,,,,,,
-1,,,,,,,,,,,,,,,
-1,,,,,,,,,,,,,,,
-1,,,,,,,,,,,,,,,
-1,,,,,,,,,,,,,,,
-1,,,,,,,,,,,,,,,
-1,,,,,,,,,,,,,,,
-1,,,,,,,,,,,,,,,
-1,,,,,,,,,,,,,,,
-1,,,,,,,,,,,,,,,
-1,,,,,,,,,,,,,,,
-1,,,,,,,,,,,,,,,
-1,,,,,,,,,,,,,,,
-1,,,,,,,,,,,,,,,
-1,,,,,,,,,,,,,,,
-1,,,,,,,,,,,,,,,
-1,,,,,,,,,,,,,,,
-1,,,,,,,,,,,,,,,
-1,,,,,,,,,,,,,,,
-1,,,,,,,,,,,,,,,
-1,,,,,,,,,,,,,,,
-1,,,,,,,,,,,,,,,
-1,,,,,,,,,,,,,,,
-1,,,,,,,,,,,,,,,
-1,,,,,,,,,,,,,,,
-1,,,,,,,,,,,,,,,
-1,,,,,,,,,,,,,,,
-1,,,,,,,,,,,,,,,
-1,,,,,,,,,,,,,,,
-1,,,,,,,,,,,,,,,
-1,,,,,,,,,,,,,,,
-1,,,,,,,,,,,,,,,
-1,,,,,,,,,,,,,,,
-1,,,,,,,,,,,,,,,
-1,,,,,,,,,,,,,,,
-1,,,,,,,,,,,,,,,
-1,,,,,,,,,,,,,,,
-1,,,,,,,,,,,,,,,
-1,,,,,,,,,,,,,,,
-1,,,,,,,,,,,,,,,
-1,,,,,,,,,,,,,,,
-1,,,,,,,,,,,,,,,
-1,,,,,,,,,,,,,,,
-1,,,,,,,,,,,,,,,
-1,,,,,,,,,,,,,,,
-1,,,,,,,,,,,,,,,
-1,,,,,,,,,,,,,,,
-1,,,,,,,,,,,,,,,
-1,,,,,,,,,,,,,,,
-1,,,,,,,,,,,,,,,
-1,,,,,,,,,,,,,,,
-1,,,,,,,,,,,,,,,
-1,,,,,,,,,,,,,,,
-1,,,,,,,,,,,,,,,
-1,,,,,,,,,,,,,,,
-1,,,,,,,,,,,,,,,
-1,,,,,,,,,,,,,,,
-1,,,,,,,,,,,,,,,
-1,,,,,,,,,,,,,,,
-1,,,,,,,,,,,,,,,
-1,,,,,,,,,,,,,,,
-1,,,,,,,,,,,,,,,
-1,,,,,,,,,,,,,,,
-1,,,,,,,,,,,,,,,
-1,,,,,,,,,,,,,,,
-1,,,,,,,,,,,,,,,
-1,,,,,,,,,,,,,,,
-1,,,,,,,,,,,,,,,
-1,,,,,,,,,,,,,,,
-1,,,,,,,,,,,,,,,
-1,,,,,,,,,,,,,,,
-1,,,,,,,,,,,,,,,
-1,,,,,,,,,,,,,,,
-1,,,,,,,,,,,,,,,
-1,,,,,,,,,,,,,,,
-1,,,,,,,,,,,,,,,
-1,,,,,,,,,,,,,,,
-1,,,,,,,,,,,,,,,
-1,,,,,,,,,,,,,,,
-1,,,,,,,,,,,,,,,
-1,,,,,,,,,,,,,,,
-1,,,,,,,,,,,,,,,
-1,,,,,,,,,,,,,,,
-1,,,,,,,,,,,,,,,
-1,,,,,,,,,,,,,,,
-1,,,,,,,,,,,,,,,
-1,,,,,,,,,,,,,,,
-1,,,,,,,,,,,,,,,
-1,,,,,,,,,,,,,,,
-1,,,,,,,,,,,,,,,
-1,,,,,,,,,,,,,,,
-1,,,,,,,,,,,,,,,
-1,,,,,,,,,,,,,,,
-1,,,,,,,,,,,,,,,
-1,,,,,,,,,,,,,,,
-1,,,,,,,,,,,,,,,
-1,,,,,,,,,,,,,,,
-1,,,,,,,,,,,,,,,
-1,,,,,,,,,,,,,,,
-1,,,,,,,,,,,,,,,
-1,,,,,,,,,,,,,,,
-1,,,,,,,,,,,,,,,
-1,,,,,,,,,,,,,,,
-1,,,,,,,,,,,,,,,
-1,,,,,,,,,,,,,,,
-1,,,,,,,,,,,,,,,
-1,,,,,,,,,,,,,,,
-1,,,,,,,,,,,,,,,
-1,,,,,,,,,,,,,,,
-1,,,,,,,,,,,,,,,
-1,,,,,,,,,,,,,,,
-1,,,,,,,,,,,,,,,
-1,,,,,,,,,,,,,,,
-1,,,,,,,,,,,,,,,
-1,,,,,,,,,,,,,,,
-1,,,,,,,,,,,,,,,
-1,,,,,,,,,,,,,,,
-1,,,,,,,,,,,,,,,
-1,,,,,,,,,,,,,,,
-1,,,,,,,,,,,,,,,
-1,,,,,,,,,,,,,,,
-1,,,,,,,,,,,,,,,
-1,,,,,,,,,,,,,,,
-1,,,,,,,,,,,,,,,
-1,,,,,,,,,,,,,,,
-1,,,,,,,,,,,,,,,
-1,,,,,,,,,,,,,,,
-1,,,,,,,,,,,,,,,
-1,,,,,,,,,,,,,,,
-1,,,,,,,,,,,,,,,
-1,,,,,,,,,,,,,,,
-1,,,,,,,,,,,,,,,
-1,,,,,,,,,,,,,,,
-1,,,,,,,,,,,,,,,
-1,,,,,,,,,,,,,,,
-1,,,,,,,,,,,,,,,
-1,,,,,,,,,,,,,,,
-1,,,,,,,,,,,,,,,
-1,,,,,,,,,,,,,,,
-1,,,,,,,,,,,,,,,
-1,,,,,,,,,,,,,,,
-1,,,,,,,,,,,,,,,
-1,,,,,,,,,,,,,,,
-1,,,,,,,,,,,,,,,
-1,,,,,,,,,,,,,,,
-1,,,,,,,,,,,,,,,
-1,,,,,,,,,,,,,,,
-1,,,,,,,,,,,,,,,
-1,,,,,,,,,,,,,,,
-1,,,,,,,,,,,,,,,
-1,,,,,,,,,,,,,,,
-1,,,,,,,,,,,,,,,
-1,,,,,,,,,,,,,,,
-1,,,,,,,,,,,,,,,
-1,,,,,,,,,,,,,,,
-1,,,,,,,,,,,,,,,
-1,,,,,,,,,,,,,,,
-1,,,,,,,,,,,,,,,
-1,,,,,,,,,,,,,,,
-1,,,,,,,,,,,,,,,
-1,,,,,,,,,,,,,,,
-1,,,,,,,,,,,,,,,
-1,,,,,,,,,,,,,,,
-1,,,,,,,,,,,,,,,
-1,,,,,,,,,,,,,,,
-1,,,,,,,,,,,,,,,
-1,,,,,,,,,,,,,,,
-1,,,,,,,,,,,,,,,
-1,,,,,,,,,,,,,,,
-1,,,,,,,,,,,,,,,
-1,,,,,,,,,,,,,,,
-1,,,,,,,,,,,,,,,
-1,,,,,,,,,,,,,,,
-1,,,,,,,,,,,,,,,
-1,,,,,,,,,,,,,,,
-1,,,,,,,,,,,,,,,
-1,,,,,,,,,,,,,,,
-1,,,,,,,,,,,,,,,
-1,,,,,,,,,,,,,,,
-1,,,,,,,,,,,,,,,
-1,,,,,,,,,,,,,,,
-1,,,,,,,,,,,,,,,
-1,,,,,,,,,,,,,,,
-1,,,,,,,,,,,,,,,
-1,,,,,,,,,,,,,,,
-1,,,,,,,,,,,,,,,
-1,,,,,,,,,,,,,,,
-1,,,,,,,,,,,,,,,
-1,,,,,,,,,,,,,,,
-1,,,,,,,,,,,,,,,
-1,,,,,,,,,,,,,,,
-1,,,,,,,,,,,,,,,
-1,,,,,,,,,,,,,,,
-1,,,,,,,,,,,,,,,
-1,,,,,,,,,,,,,,,
-1,,,,,,,,,,,,,,,
-1,,,,,,,,,,,,,,,
-1,,,,,,,,,,,,,,,
-1,,,,,,,,,,,,,,,
-1,,,,,,,,,,,,,,,
-1,,,,,,,,,,,,,,,
-1,,,,,,,,,,,,,,,
-1,,,,,,,,,,,,,,,
-1,,,,,,,,,,,,,,,
-1,,,,,,,,,,,,,,,
-1,,,,,,,,,,,,,,,
-1,,,,,,,,,,,,,,,
-1,,,,,,,,,,,,,,,
-1,,,,,,,,,,,,,,,
-1,,,,,,,,,,,,,,,
-1,,,,,,,,,,,,,,,
-1,,,,,,,,,,,,,,,
-1,,,,,,,,,,,,,,,
-1,,,,,,,,,,,,,,,
-1,,,,,,,,,,,,,,,
-1,,,,,,,,,,,,,,,
-1,,,,,,,,,,,,,,,
-1,,,,,,,,,,,,,,,
-1,,,,,,,,,,,,,,,
-1,,,,,,,,,,,,,,,
-1,,,,,,,,,,,,,,,
-1,,,,,,,,,,,,,,,
-1,,,,,,,,,,,,,,,
-1,,,,,,,,,,,,,,,
-1,,,,,,,,,,,,,,,
-1,,,,,,,,,,,,,,,
-1,,,,,,,,,,,,,,,
-1,,,,,,,,,,,,,,,
-1,,,,,,,,,,,,,,,
-1,,,,,,,,,,,,,,,
-1,,,,,,,,,,,,,,,
-1,,,,,,,,,,,,,,,
-1,,,,,,,,,,,,,,,
-1,,,,,,,,,,,,,,,
-1,,,,,,,,,,,,,,,
-1,,,,,,,,,,,,,,,
-1,,,,,,,,,,,,,,,
-1,,,,,,,,,,,,,,,
-1,,,,,,,,,,,,,,,
-1,,,,,,,,,,,,,,,
-1,,,,,,,,,,,,,,,
-1,,,,,,,,,,,,,,,
-1,,,,,,,,,,,,,,,
-1,,,,,,,,,,,,,,,
-1,,,,,,,,,,,,,,,
-1,,,,,,,,,,,,,,,
-1,,,,,,,,,,,,,,,
-1,,,,,,,,,,,,,,,
-1,,,,,,,,,,,,,,,
-1,,,,,,,,,,,,,,,
-1,,,,,,,,,,,,,,,
-1,,,,,,,,,,,,,,,
-1,,,,,,,,,,,,,,,
-1,,,,,,,,,,,,,,,
-1,,,,,,,,,,,,,,,
-1,,,,,,,,,,,,,,,
-1,,,,,,,,,,,,,,,
-1,,,,,,,,,,,,,,,
-1,,,,,,,,,,,,,,,
-1,,,,,,,,,,,,,,,
-1,,,,,,,,,,,,,,,
-1,,,,,,,,,,,,,,,
-1,,,,,,,,,,,,,,,
-1,,,,,,,,,,,,,,,
-1,,,,,,,,,,,,,,,
-1,,,,,,,,,,,,,,,
-1,,,,,,,,,,,,,,,
-1,,,,,,,,,,,,,,,
-1,,,,,,,,,,,,,,,
-1,,,,,,,,,,,,,,,
-1,,,,,,,,,,,,,,,
-1,,,,,,,,,,,,,,,
-1,,,,,,,,,,,,,,,
-1,,,,,,,,,,,,,,,
-1,,,,,,,,,,,,,,,
-1,,,,,,,,,,,,,,,
-1,,,,,,,,,,,,,,,
-1,,,,,,,,,,,,,,,
-1,,,,,,,,,,,,,,,
-1,,,,,,,,,,,,,,,
-1,,,,,,,,,,,,,,,
-1,,,,,,,,,,,,,,,
-1,,,,,,,,,,,,,,,
-1,,,,,,,,,,,,,,,
-1,,,,,,,,,,,,,,,
-1,,,,,,,,,,,,,,,
-1,,,,,,,,,,,,,,,
-1,,,,,,,,,,,,,,,
-1,,,,,,,,,,,,,,,
-1,,,,,,,,,,,,,,,
-1,,,,,,,,,,,,,,,
-1,,,,,,,,,,,,,,,
-1,,,,,,,,,,,,,,,
-1,,,,,,,,,,,,,,,
-1,,,,,,,,,,,,,,,
-1,,,,,,,,,,,,,,,
-1,,,,,,,,,,,,,,,
-1,,,,,,,,,,,,,,,
-1,,,,,,,,,,,,,,,
-1,,,,,,,,,,,,,,,
-1,,,,,,,,,,,,,,,
-1,,,,,,,,,,,,,,,
-1,,,,,,,,,,,,,,,
-1,,,,,,,,,,,,,,,
-1,,,,,,,,,,,,,,,
-1,,,,,,,,,,,,,,,
-1,,,,,,,,,,,,,,,
-1,,,,,,,,,,,,,,,
-1,,,,,,,,,,,,,,,
-1,,,,,,,,,,,,,,,
-1,,,,,,,,,,,,,,,
-1,,,,,,,,,,,,,,,
-1,,,,,,,,,,,,,,,
-1,,,,,,,,,,,,,,,
-1,,,,,,,,,,,,,,,
-1,,,,,,,,,,,,,,,
-1,,,,,,,,,,,,,,,
-1,,,,,,,,,,,,,,,
-1,,,,,,,,,,,,,,,
-1,,,,,,,,,,,,,,,
-1,,,,,,,,,,,,,,,
-1,,,,,,,,,,,,,,,
-1,,,,,,,,,,,,,,,
-1,,,,,,,,,,,,,,,
-1,,,,,,,,,,,,,,,
-1,,,,,,,,,,,,,,,
-1,,,,,,,,,,,,,,,
-1,,,,,,,,,,,,,,,
-1,,,,,,,,,,,,,,,
-1,,,,,,,,,,,,,,,
-1,,,,,,,,,,,,,,,
-1,,,,,,,,,,,,,,,
-1,,,,,,,,,,,,,,,
-1,,,,,,,,,,,,,,,
-1,,,,,,,,,,,,,,,
-1,,,,,,,,,,,,,,,
-1,,,,,,,,,,,,,,,
-1,,,,,,,,,,,,,,,
-1,,,,,,,,,,,,,,,
-1,,,,,,,,,,,,,,,
-1,,,,,,,,,,,,,,,
-1,,,,,,,,,,,,,,,
-1,,,,,,,,,,,,,,,
-1,,,,,,,,,,,,,,,
-1,,,,,,,,,,,,,,,
-1,,,,,,,,,,,,,,,
-1,,,,,,,,,,,,,,,
-1,,,,,,,,,,,,,,,
-1,,,,,,,,,,,,,,,
-1,,,,,,,,,,,,,,,
-1,,,,,,,,,,,,,,,
-1,,,,,,,,,,,,,,,
-1,,,,,,,,,,,,,,,
-1,,,,,,,,,,,,,,,
-1,,,,,,,,,,,,,,,
-1,,,,,,,,,,,,,,,
-1,,,,,,,,,,,,,,,
-1,,,,,,,,,,,,,,,
-1,,,,,,,,,,,,,,,
-1,,,,,,,,,,,,,,,
-1,,,,,,,,,,,,,,,
-1,,,,,,,,,,,,,,,
-1,,,,,,,,,,,,,,,
-1,,,,,,,,,,,,,,,
-1,,,,,,,,,,,,,,,
-1,,,,,,,,,,,,,,,
-1,,,,,,,,,,,,,,,
-1,,,,,,,,,,,,,,,
-1,,,,,,,,,,,,,,,
-1,,,,,,,,,,,,,,,
-1,,,,,,,,,,,,,,,
-1,,,,,,,,,,,,,,,
-1,,,,,,,,,,,,,,,
-1,,,,,,,,,,,,,,,
-1,,,,,,,,,,,,,,,
-1,,,,,,,,,,,,,,,
-1,,,,,,,,,,,,,,,
-1,,,,,,,,,,,,,,,
-1,,,,,,,,,,,,,,,
-1,,,,,,,,,,,,,,,
-1,,,,,,,,,,,,,,,
-1,,,,,,,,,,,,,,,
-1,,,,,,,,,,,,,,,
-1,,,,,,,,,,,,,,,
-1,,,,,,,,,,,,,,,
-1,,,,,,,,,,,,,,,
-1,,,,,,,,,,,,,,,
-1,,,,,,,,,,,,,,,
-1,,,,,,,,,,,,,,,
-1,,,,,,,,,,,,,,,
-1,,,,,,,,,,,,,,,
-1,,,,,,,,,,,,,,,
-1,,,,,,,,,,,,,,,
-1,,,,,,,,,,,,,,,
-1,,,,,,,,,,,,,,,
-1,,,,,,,,,,,,,,,
-1,,,,,,,,,,,,,,,
-1,,,,,,,,,,,,,,,
-1,,,,,,,,,,,,,,,
-1,,,,,,,,,,,,,,,
-1,,,,,,,,,,,,,,,
-1,,,,,,,,,,,,,,,
-1,,,,,,,,,,,,,,,
-1,,,,,,,,,,,,,,,
-1,,,,,,,,,,,,,,,
-1,,,,,,,,,,,,,,,
-1,,,,,,,,,,,,,,,
-1,,,,,,,,,,,,,,,
-1,,,,,,,,,,,,,,,
-1,,,,,,,,,,,,,,,
-1,,,,,,,,,,,,,,,
-1,,,,,,,,,,,,,,,
-1,,,,,,,,,,,,,,,
-1,,,,,,,,,,,,,,,
-1,,,,,,,,,,,,,,,
-1,,,,,,,,,,,,,,,
-1,,,,,,,,,,,,,,,
-1,,,,,,,,,,,,,,,
-1,,,,,,,,,,,,,,,
-1,,,,,,,,,,,,,,,
-1,,,,,,,,,,,,,,,
-1,,,,,,,,,,,,,,,
-1,,,,,,,,,,,,,,,
-1,,,,,,,,,,,,,,,
-1,,,,,,,,,,,,,,,
-1,,,,,,,,,,,,,,,
-1,,,,,,,,,,,,,,,
-1,,,,,,,,,,,,,,,
-1,,,,,,,,,,,,,,,
-1,,,,,,,,,,,,,,,
-1,,,,,,,,,,,,,,,
-1,,,,,,,,,,,,,,,
-1,,,,,,,,,,,,,,,
-1,,,,,,,,,,,,,,,
-1,,,,,,,,,,,,,,,
-1,,,,,,,,,,,,,,,
-1,,,,,,,,,,,,,,,
-1,,,,,,,,,,,,,,,
-1,,,,,,,,,,,,,,,
-1,,,,,,,,,,,,,,,
-1,,,,,,,,,,,,,,,
-1,,,,,,,,,,,,,,,
-1,,,,,,,,,,,,,,,
-1,,,,,,,,,,,,,,,
-1,,,,,,,,,,,,,,,
1600,1600,12,60,광석,0,0,0,0,0,0,0,0,0,0,
1601,1601,12,60,철 주괴,0,0,0,0,0,0,0,0,0,0,
1602,1602,12,60,얉은 가죽,0,0,0,0,0,0,0,0,0,0,
1603,1603,12,60,손질된 가죽,0,0,0,0,0,0,0,0,0,0,
1604,1604,12,60,실타래,0,0,0,0,0,0,0,0,0,0,
1605,1605,12,60,천 두루마리,0,0,0,0,0,0,0,0,0,0,
1606,1606,12,60,통나무,0,0,0,0,0,0,0,0,0,0,
1607,1607,12,60,목재,0,0,0,0,0,0,0,0,0,0,
1608,1608,12,10,일반 소울 스톤,0,0,0,0,0,0,0,0,0,0,
1609,1609,12,20,고급 소울 스톤,0,0,0,0,0,0,0,0,0,0,
1610,1610,12,30,희귀 소울 스톤,0,0,0,0,0,0,0,0,0,0,
1611,1611,12,40,영웅 소울 스톤,0,0,0,0,0,0,0,0,0,0,
1612,1612,12,50,전설 소울 스톤,0,0,0,0,0,0,0,0,0,0,
1613,1613,12,999,유일 소울 스톤,0,0,0,0,0,0,0,0,0,0,
1614,1614,13,60,빈 주문서,0,0,0,0,0,0,0,0,0,0,
1615,1615,15,60,무기 강화 주문서,0,0,0,0,0,0,0,0,0,0,
1616,1616,16,60,방어구 강화 주문서,0,0,0,0,0,0,0,0,0,0,
1617,1617,17,60,장신구 강화 주문서,0,0,0,0,0,0,0,0,0,0,
1618,1618,18,60,스톤 강화 주문서,0,0,0,0,0,0,0,0,0,0,
1619,1619,14,60,붕대,0,0,0,0,0,0,0,0,0,0,
1620,1620,14,60,체력 포션,0,0,0,0,0,0,0,0,0,0,체력 50을 회복한다.
1621,1621,14,60,고급 체력 포션,0,0,0,0,0,0,0,0,0,0,체력 200을 회복한다.
1622,1622,13,60,제작 재료 상자,0,0,0,0,0,0,0,0,0,0,
1623,1623,13,60,방어구 상자,0,0,0,0,0,0,0,0,0,0,
1624,1624,13,60,고급 방어구 상자,0,0,0,0,0,0,0,0,0,0,
1625,1623,13,60,무기 상자,0,0,0,0,0,0,0,0,0,0,
1626,1624,13,60,고급 무기 상자,0,0,0,0,0,0,0,0,0,0,
1627,1627,12,60,골드,0,0,0,0,0,0,0,0,0,0,
